{"cameraMode":{"drawMode":0,"name":"Shaded","section":"Shading Mode"},"sceneLighting":false,"audioPlay":false,"sceneViewState":{"m_AlwaysRefresh":true,"showFog":true,"showSkybox":false,"showFlares":true,"showImageEffects":true,"showParticleSystems":true,"showVisualEffectGraphs":true,"m_FxEnabled":true},"in2DMode":false,"pivot":{"x":-0.3323586583137512,"y":0.33911269903182986,"z":0.503105640411377},"rotation":{"x":0.19083276391029359,"y":0.005574571434408426,"z":-0.0009475568658672273,"w":0.9816688895225525},"size":0.39667457342147829,"orthographic":false}