{"cameraMode":{"drawMode":0,"name":"Shaded","section":"Shading Mode"},"sceneLighting":false,"audioPlay":false,"sceneViewState":{"m_AlwaysRefresh":true,"showFog":true,"showSkybox":false,"showFlares":true,"showImageEffects":true,"showParticleSystems":true,"showVisualEffectGraphs":true,"m_FxEnabled":true},"in2DMode":false,"pivot":{"x":-0.5949182510375977,"y":0.3929027318954468,"z":-0.48985475301742556},"rotation":{"x":0.020925870165228845,"y":-0.9666532874107361,"z":0.08433904498815537,"w":0.2411288470029831},"size":0.3966746926307678,"orthographic":false}