{"cameraMode":{"drawMode":0,"name":"Shaded","section":"Shading Mode"},"sceneLighting":false,"audioPlay":false,"sceneViewState":{"m_AlwaysRefresh":true,"showFog":true,"showSkybox":false,"showFlares":true,"showImageEffects":true,"showParticleSystems":true,"showVisualEffectGraphs":true,"m_FxEnabled":true},"in2DMode":false,"pivot":{"x":-0.3359050750732422,"y":0.4786480963230133,"z":-0.019728153944015504},"rotation":{"x":0.05970524996519089,"y":-0.8320655226707459,"z":0.09153840690851212,"w":0.5439081192016602},"size":0.09667456150054932,"orthographic":false}