{"cameraMode":{"drawMode":0,"name":"Shaded","section":"Shading Mode"},"sceneLighting":false,"audioPlay":false,"sceneViewState":{"m_AlwaysRefresh":true,"showFog":true,"showSkybox":false,"showFlares":true,"showImageEffects":true,"showParticleSystems":true,"showVisualEffectGraphs":true,"m_FxEnabled":true},"in2DMode":false,"pivot":{"x":1.9539692401885987,"y":0.26130133867263796,"z":-1.1945111751556397},"rotation":{"x":0.13019241392612458,"y":-0.6976787447929382,"z":0.13135109841823579,"w":0.6922125816345215},"size":1.4106206893920899,"orthographic":false}