{"cameraMode":{"drawMode":0,"name":"Shaded","section":"Shading Mode"},"sceneLighting":true,"audioPlay":false,"sceneViewState":{"m_AlwaysRefresh":true,"showFog":true,"showSkybox":true,"showFlares":true,"showImageEffects":true,"showParticleSystems":true,"showVisualEffectGraphs":true,"m_FxEnabled":true},"in2DMode":false,"pivot":{"x":2.346163749694824,"y":1.0895512104034424,"z":-0.5367223620414734},"rotation":{"x":0.17852886021137238,"y":0.6317151784896851,"z":-0.15251830220222474,"w":0.7388908267021179},"size":1.4861252307891846,"orthographic":false}