{"cameraMode":{"drawMode":0,"name":"Shaded","section":"Shading Mode"},"sceneLighting":true,"audioPlay":false,"sceneViewState":{"m_AlwaysRefresh":true,"showFog":true,"showSkybox":true,"showFlares":true,"showImageEffects":true,"showParticleSystems":true,"showVisualEffectGraphs":true,"m_FxEnabled":true},"in2DMode":false,"pivot":{"x":1.8086953163146973,"y":2.555391311645508,"z":1.0227211713790894},"rotation":{"x":0.026331810280680658,"y":-0.9276031851768494,"z":0.36674657464027407,"w":0.06689368933439255},"size":-0.8750693202018738,"orthographic":false}