{"cameraMode":{"drawMode":0,"name":"Shaded","section":"Shading Mode"},"sceneLighting":true,"audioPlay":false,"sceneViewState":{"m_AlwaysRefresh":true,"showFog":true,"showSkybox":true,"showFlares":true,"showImageEffects":true,"showParticleSystems":true,"showVisualEffectGraphs":true,"m_FxEnabled":true},"in2DMode":false,"pivot":{"x":1.3635694980621338,"y":-1.586599349975586,"z":2.581240653991699},"rotation":{"x":-0.33114874362945559,"y":-0.008768959902226925,"z":0.0029596833046525718,"w":-0.9436352252960205},"size":3.0442657470703127,"orthographic":false}