{"cameraMode":{"drawMode":0,"name":"Shaded","section":"Shading Mode"},"sceneLighting":true,"audioPlay":false,"sceneViewState":{"m_AlwaysRefresh":true,"showFog":true,"showSkybox":true,"showFlares":true,"showImageEffects":true,"showParticleSystems":true,"showVisualEffectGraphs":true,"m_FxEnabled":true},"in2DMode":false,"pivot":{"x":-2.2772982120513918,"y":-0.472628116607666,"z":0.13011693954467774},"rotation":{"x":0.3277968466281891,"y":-0.05298435315489769,"z":0.018552113324403764,"w":0.9431537389755249},"size":2.4034905433654787,"orthographic":false}