{"cameraMode":{"drawMode":0,"name":"Shaded","section":"Shading Mode"},"sceneLighting":true,"audioPlay":false,"sceneViewState":{"m_AlwaysRefresh":true,"showFog":true,"showSkybox":true,"showFlares":true,"showImageEffects":true,"showParticleSystems":true,"showVisualEffectGraphs":true,"m_FxEnabled":true},"in2DMode":false,"pivot":{"x":2.1399521827697756,"y":2.3633439540863039,"z":1.573455810546875},"rotation":{"x":0.26735857129096987,"y":-0.6853610873222351,"z":0.30245110392570498,"w":0.6061999201774597},"size":1.3808422088623047,"orthographic":false}