{"cameraMode":{"drawMode":0,"name":"Shaded","section":"Shading Mode"},"sceneLighting":true,"audioPlay":false,"sceneViewState":{"m_AlwaysRefresh":true,"showFog":true,"showSkybox":true,"showFlares":true,"showImageEffects":true,"showParticleSystems":true,"showVisualEffectGraphs":true,"m_FxEnabled":true},"in2DMode":false,"pivot":{"x":1.1122479438781739,"y":0.3080528974533081,"z":-0.8256995677947998},"rotation":{"x":-0.20659203827381135,"y":0.40750089287757876,"z":-0.09529995918273926,"w":-0.8845166563987732},"size":0.25838029384613039,"orthographic":false}