{"cameraMode":{"drawMode":0,"name":"Shaded","section":"Shading Mode"},"sceneLighting":true,"audioPlay":false,"sceneViewState":{"m_AlwaysRefresh":true,"showFog":true,"showSkybox":true,"showFlares":true,"showImageEffects":true,"showParticleSystems":true,"showVisualEffectGraphs":true,"m_FxEnabled":true},"in2DMode":false,"pivot":{"x":-0.006378985941410065,"y":0.3945660889148712,"z":-0.309609979391098},"rotation":{"x":0.004841492045670748,"y":-0.9950836300849915,"z":0.07327891886234284,"w":0.06722694635391236},"size":0.23631936311721803,"orthographic":false}