{"cameraMode":{"drawMode":0,"name":"Shaded","section":"Shading Mode"},"sceneLighting":true,"audioPlay":false,"sceneViewState":{"m_AlwaysRefresh":true,"showFog":true,"showSkybox":true,"showFlares":true,"showImageEffects":true,"showParticleSystems":true,"showVisualEffectGraphs":true,"m_FxEnabled":true},"in2DMode":false,"pivot":{"x":-0.3263384997844696,"y":-0.15436477959156037,"z":-1.784230351448059},"rotation":{"x":0.20976316928863526,"y":-0.4565765857696533,"z":0.1118396520614624,"w":0.8573989272117615},"size":2.6106204986572267,"orthographic":false}