{"cameraMode":{"drawMode":0,"name":"Shaded","section":"Shading Mode"},"sceneLighting":true,"audioPlay":false,"sceneViewState":{"m_AlwaysRefresh":true,"showFog":true,"showSkybox":true,"showFlares":true,"showImageEffects":true,"showParticleSystems":true,"showVisualEffectGraphs":true,"m_FxEnabled":true},"in2DMode":false,"pivot":{"x":1.585721492767334,"y":-0.08446896076202393,"z":-0.35436081886291506},"rotation":{"x":0.30905240774154665,"y":-0.06727968156337738,"z":0.02202874980866909,"w":0.9484701752662659},"size":0.8750693202018738,"orthographic":false}