{"cameraMode":{"drawMode":0,"name":"Shaded","section":"Shading Mode"},"sceneLighting":true,"audioPlay":false,"sceneViewState":{"m_AlwaysRefresh":true,"showFog":true,"showSkybox":true,"showFlares":true,"showImageEffects":true,"showParticleSystems":true,"showVisualEffectGraphs":true,"m_FxEnabled":true},"in2DMode":false,"pivot":{"x":3.2642791271209719,"y":-0.8814518451690674,"z":1.166408896446228},"rotation":{"x":0.16220512986183167,"y":0.6602075695991516,"z":-0.14891763031482697,"w":0.7181766033172607},"size":1.2553131580352784,"orthographic":false}