{"cameraMode":{"drawMode":0,"name":"Shaded","section":"Shading Mode"},"sceneLighting":false,"audioPlay":false,"sceneViewState":{"m_AlwaysRefresh":true,"showFog":true,"showSkybox":false,"showFlares":true,"showImageEffects":true,"showParticleSystems":true,"showVisualEffectGraphs":true,"m_FxEnabled":true},"in2DMode":false,"pivot":{"x":-1.2384998798370362,"y":0.49128472805023196,"z":-1.1170001029968262},"rotation":{"x":0.19578437507152558,"y":0.2251129299402237,"z":-0.046081166714429858,"w":0.9534200429916382},"size":1.927646517753601,"orthographic":false}