{"cameraMode":{"drawMode":0,"name":"Shaded","section":"Shading Mode"},"sceneLighting":false,"audioPlay":false,"sceneViewState":{"m_AlwaysRefresh":true,"showFog":true,"showSkybox":false,"showFlares":true,"showImageEffects":true,"showParticleSystems":true,"showVisualEffectGraphs":true,"m_FxEnabled":true},"in2DMode":false,"pivot":{"x":-1.2694860696792603,"y":-0.32715296745300295,"z":-1.8807017803192139},"rotation":{"x":0.2179591953754425,"y":-0.6414201855659485,"z":0.1974697709083557,"w":0.7086775898933411},"size":1.9276463985443116,"orthographic":false}