{"cameraMode":{"drawMode":0,"name":"Shaded","section":"Shading Mode"},"sceneLighting":false,"audioPlay":false,"sceneViewState":{"m_AlwaysRefresh":true,"showFog":true,"showSkybox":false,"showFlares":true,"showImageEffects":true,"showParticleSystems":true,"showVisualEffectGraphs":true,"m_FxEnabled":true},"in2DMode":false,"pivot":{"x":1.7410500049591065,"y":0.3729875683784485,"z":-1.0746055841445923},"rotation":{"x":0.03894985839724541,"y":-0.9558268189430237,"z":0.14888522028923036,"w":0.25065284967422488},"size":0.24290436506271363,"orthographic":false}