{"cameraMode":{"drawMode":0,"name":"Shaded","section":"Shading Mode"},"sceneLighting":false,"audioPlay":false,"sceneViewState":{"m_AlwaysRefresh":true,"showFog":true,"showSkybox":false,"showFlares":true,"showImageEffects":true,"showParticleSystems":true,"showVisualEffectGraphs":true,"m_FxEnabled":true},"in2DMode":false,"pivot":{"x":0.3949965536594391,"y":0.0018057823181152344,"z":-0.4591219425201416},"rotation":{"x":0.02114349603652954,"y":-0.9788246154785156,"z":0.1434464305639267,"w":0.14489373564720155},"size":0.5429044961929321,"orthographic":false}