{"cameraMode":{"drawMode":0,"name":"Shaded","section":"Shading Mode"},"sceneLighting":true,"audioPlay":false,"sceneViewState":{"showFog":true,"showMaterialUpdate":true,"showSkybox":true,"showFlares":true,"showImageEffects":true,"showParticleSystems":true},"in2DMode":false,"pivot":{"x":0.44912779331207278,"y":0.2923237085342407,"z":-1.1699419021606446},"rotation":{"x":0.06364447623491287,"y":-0.9330105185508728,"z":0.20619207620620728,"w":0.2879994213581085},"size":1.604764461517334,"orthographic":false}