{"cameraMode":{"drawMode":0,"name":"Shaded","section":"Shading Mode"},"sceneLighting":false,"audioPlay":false,"sceneViewState":{"showFog":true,"showMaterialUpdate":true,"showSkybox":false,"showFlares":true,"showImageEffects":true,"showParticleSystems":true},"in2DMode":false,"pivot":{"x":-1.1982557773590088,"y":0.3845383822917938,"z":-0.5429364442825317},"rotation":{"x":0.05988746136426926,"y":-0.8447088599205017,"z":0.09671363234519959,"w":0.5230194926261902},"size":0.7255746722221375,"orthographic":false}