{"cameraMode":{"drawMode":0,"name":"Shaded","section":"Shading Mode"},"sceneLighting":false,"audioPlay":false,"sceneViewState":{"showFog":true,"showMaterialUpdate":true,"showSkybox":true,"showFlares":true,"showImageEffects":true,"showParticleSystems":true},"in2DMode":false,"pivot":{"x":-1.7104929685592652,"y":0.6907073855400086,"z":-0.6635411977767944},"rotation":{"x":0.14878050982952119,"y":-0.09270744025707245,"z":0.014011509716510773,"w":0.9844202399253845},"size":0.15761524438858033,"orthographic":false}