{"cameraMode":{"drawMode":0,"name":"Shaded","section":"Shading Mode"},"sceneLighting":false,"audioPlay":false,"sceneViewState":{"showFog":true,"showMaterialUpdate":true,"showSkybox":false,"showFlares":true,"showImageEffects":true,"showParticleSystems":true},"in2DMode":false,"pivot":{"x":0.3853242099285126,"y":0.2760414183139801,"z":-1.9008097648620606},"rotation":{"x":-0.007933377288281918,"y":-0.9876969456672669,"z":0.053387898951768878,"w":-0.1468546837568283},"size":1.3744254112243653,"orthographic":false}