{"cameraMode":{"drawMode":0,"name":"Shaded","section":"Shading Mode"},"sceneLighting":true,"audioPlay":false,"sceneViewState":{"showFog":true,"showMaterialUpdate":true,"showSkybox":true,"showFlares":true,"showImageEffects":true,"showParticleSystems":true},"in2DMode":false,"pivot":{"x":-3.183995246887207,"y":2.039740562438965,"z":0.26577985286712649},"rotation":{"x":-0.029194587841629983,"y":-0.7602722644805908,"z":-0.03422548621892929,"w":0.6480723023414612},"size":2.1070737838745119,"orthographic":false}