{"cameraMode":{"drawMode":0,"name":"Shaded","section":"Shading Mode"},"sceneLighting":false,"audioPlay":false,"sceneViewState":{"showFog":true,"showMaterialUpdate":true,"showSkybox":false,"showFlares":true,"showImageEffects":true,"showParticleSystems":true},"in2DMode":false,"pivot":{"x":-0.06772364675998688,"y":0.6136187314987183,"z":-0.005698591470718384},"rotation":{"x":0.02812213823199272,"y":-0.9468765258789063,"z":0.3085392117500305,"w":0.08630765974521637},"size":0.12816007435321809,"orthographic":false}