{"cameraMode":{"drawMode":0,"name":"Shaded","section":"Shading Mode"},"sceneLighting":true,"audioPlay":false,"sceneViewState":{"showFog":true,"showMaterialUpdate":true,"showSkybox":true,"showFlares":true,"showImageEffects":true,"showParticleSystems":true},"in2DMode":false,"pivot":{"x":-2.215207576751709,"y":-0.6308507919311523,"z":-0.7923297882080078},"rotation":{"x":0.14841634035110475,"y":-0.7443326711654663,"z":0.17624624073505402,"w":0.6268143653869629},"size":2.2811622619628908,"orthographic":false}