{"cameraMode":{"drawMode":0,"name":"Shaded","section":"Shading Mode"},"sceneLighting":true,"audioPlay":false,"sceneViewState":{"showFog":true,"showMaterialUpdate":true,"showSkybox":true,"showFlares":true,"showImageEffects":true,"showParticleSystems":true},"in2DMode":false,"pivot":{"x":-3.7598788738250734,"y":-0.5826888084411621,"z":-2.0805859565734865},"rotation":{"x":0.07648075371980667,"y":-0.7568868398666382,"z":0.09015784412622452,"w":0.6428276896476746},"size":3.13535475730896,"orthographic":false}