{"cameraMode":{"drawMode":0,"name":"Shaded","section":"Shading Mode"},"sceneLighting":true,"audioPlay":false,"sceneViewState":{"showFog":true,"showMaterialUpdate":true,"showSkybox":true,"showFlares":true,"showImageEffects":true,"showParticleSystems":true},"in2DMode":false,"pivot":{"x":-0.6653730869293213,"y":0.4237920045852661,"z":-1.2352510690689088},"rotation":{"x":0.060490380972623828,"y":-0.9393607974052429,"z":0.22988340258598329,"w":0.24728047847747804},"size":1.025393009185791,"orthographic":false}