{"cameraMode":{"drawMode":0,"name":"Shaded","section":"Shading Mode"},"sceneLighting":true,"audioPlay":false,"sceneViewState":{"showFog":true,"showMaterialUpdate":true,"showSkybox":true,"showFlares":true,"showImageEffects":true,"showParticleSystems":true},"in2DMode":false,"pivot":{"x":-1.135306715965271,"y":-0.04999995231628418,"z":-0.5212967395782471},"rotation":{"x":0.019477687776088716,"y":-0.9208791255950928,"z":0.38663217425346377,"w":0.04646129906177521},"size":0.9302595257759094,"orthographic":false}