{"cameraMode":{"drawMode":0,"name":"Shaded","section":"Shading Mode"},"sceneLighting":true,"audioPlay":false,"sceneViewState":{"showFog":true,"showMaterialUpdate":true,"showSkybox":true,"showFlares":true,"showImageEffects":true,"showParticleSystems":true},"in2DMode":false,"pivot":{"x":1.1608502864837647,"y":-0.6504330039024353,"z":-0.39850425720214846},"rotation":{"x":0.2608442008495331,"y":-0.20121757686138154,"z":0.055797722190618518,"w":0.9425814151763916},"size":1.357532262802124,"orthographic":false}