{"cameraMode":{"drawMode":0,"name":"Shaded","section":"Shading Mode"},"sceneLighting":false,"audioPlay":false,"sceneViewState":{"showFog":true,"showMaterialUpdate":true,"showSkybox":false,"showFlares":true,"showImageEffects":true,"showParticleSystems":true},"in2DMode":false,"pivot":{"x":-0.38392147421836855,"y":0.5407816171646118,"z":0.46748924255371096},"rotation":{"x":0.1077825203537941,"y":0.012527323327958584,"z":-0.0013628690503537655,"w":0.9941049814224243},"size":0.42557471990585329,"orthographic":false}