{"cameraMode":{"drawMode":0,"name":"Shaded","section":"Shading Mode"},"sceneLighting":true,"audioPlay":false,"sceneViewState":{"showFog":true,"showMaterialUpdate":true,"showSkybox":true,"showFlares":true,"showImageEffects":true,"showParticleSystems":true},"in2DMode":false,"pivot":{"x":940.8368530273438,"y":1950.7576904296875,"z":-286.0642395019531},"rotation":{"x":0.015365907922387123,"y":0.9846915006637573,"z":-0.12922577559947968,"w":0.11636480689048767},"size":265.0155334472656,"orthographic":false}