{"cameraMode":{"drawMode":0,"name":"Shaded","section":"Shading Mode"},"sceneLighting":true,"audioPlay":false,"sceneViewState":{"showFog":true,"showMaterialUpdate":true,"showSkybox":true,"showFlares":true,"showImageEffects":true,"showParticleSystems":true},"in2DMode":false,"pivot":{"x":-25.745079040527345,"y":12.840656280517579,"z":0.7643585205078125},"rotation":{"x":0.0663951113820076,"y":-0.849365770816803,"z":0.1101861372590065,"w":0.5119104981422424},"size":42.87461471557617,"orthographic":false}