{"cameraMode":{"drawMode":0,"name":"Shaded","section":"Shading Mode"},"sceneLighting":false,"audioPlay":false,"sceneViewState":{"showFog":true,"showMaterialUpdate":true,"showSkybox":false,"showFlares":true,"showImageEffects":true,"showParticleSystems":true},"in2DMode":false,"pivot":{"x":-0.5360604524612427,"y":0.9317171573638916,"z":-0.432465523481369},"rotation":{"x":-0.04552914947271347,"y":-0.894304633140564,"z":0.4353059232234955,"w":-0.09341297298669815},"size":0.6200186014175415,"orthographic":false}