{"cameraMode":{"drawMode":0,"name":"Shaded","section":"Shading Mode"},"sceneLighting":false,"audioPlay":false,"sceneViewState":{"showFog":true,"showMaterialUpdate":true,"showSkybox":false,"showFlares":true,"showImageEffects":true,"showParticleSystems":true},"in2DMode":false,"pivot":{"x":-0.38600000739097597,"y":0.6010000109672546,"z":0.018999986350536348},"rotation":{"x":0.24196329712867738,"y":-0.10974902659654618,"z":0.027555933222174646,"w":0.963668942451477},"size":0.12557470798492433,"orthographic":false}