{"cameraMode":{"drawMode":0,"name":"Shaded","section":"Shading Mode"},"sceneLighting":false,"audioPlay":false,"sceneViewState":{"showFog":true,"showMaterialUpdate":true,"showSkybox":false,"showFlares":true,"showImageEffects":true,"showParticleSystems":true},"in2DMode":false,"pivot":{"x":0.6616582870483398,"y":0.6559697985649109,"z":-2.410832166671753},"rotation":{"x":-0.0009432685910724103,"y":-0.9775921702384949,"z":0.004399791359901428,"w":-0.21051613986492158},"size":1.9744253158569337,"orthographic":false}