{"cameraMode":{"drawMode":0,"name":"Shaded","section":"Shading Mode"},"sceneLighting":false,"audioPlay":false,"sceneViewState":{"showFog":true,"showMaterialUpdate":true,"showSkybox":true,"showFlares":true,"showImageEffects":true,"showParticleSystems":true},"in2DMode":false,"pivot":{"x":-0.19773921370506288,"y":0.4295271635055542,"z":0.7412559390068054},"rotation":{"x":0.041752662509679797,"y":-0.10560740530490875,"z":0.004437328781932592,"w":0.9935254454612732},"size":0.7576149702072144,"orthographic":false}