{"cameraMode":{"drawMode":0,"name":"Shaded","section":"Shading Mode"},"sceneLighting":true,"audioPlay":false,"sceneViewState":{"showFog":true,"showMaterialUpdate":true,"showSkybox":true,"showFlares":true,"showImageEffects":true,"showParticleSystems":true},"in2DMode":false,"pivot":{"x":-4.040626525878906,"y":0.4945882558822632,"z":-3.387796640396118},"rotation":{"x":0.01539500243961811,"y":-0.9841521382331848,"z":0.10970175266265869,"w":0.13877904415130616},"size":0.4947551488876343,"orthographic":false}