{"cameraMode":{"drawMode":0,"name":"Shaded","section":"Shading Mode"},"sceneLighting":true,"audioPlay":false,"sceneViewState":{"showFog":true,"showMaterialUpdate":true,"showSkybox":true,"showFlares":true,"showImageEffects":true,"showParticleSystems":true},"in2DMode":false,"pivot":{"x":567.0322875976563,"y":1332.6966552734375,"z":-70.8251953125},"rotation":{"x":-0.1714196354150772,"y":-0.051404163241386417,"z":0.008919373154640198,"w":-0.9838502407073975},"size":283.7686767578125,"orthographic":false}