{"cameraMode":{"drawMode":0,"name":"Shaded","section":"Shading Mode"},"sceneLighting":false,"audioPlay":false,"sceneViewState":{"showFog":true,"showMaterialUpdate":true,"showSkybox":false,"showFlares":true,"showImageEffects":true,"showParticleSystems":true},"in2DMode":false,"pivot":{"x":-0.040623098611831668,"y":0.6946195363998413,"z":-0.6459442377090454},"rotation":{"x":-0.0009432685910724103,"y":-0.9775921702384949,"z":0.004399791359901428,"w":-0.21051613986492158},"size":0.4255746603012085,"orthographic":false}