{"cameraMode":{"drawMode":0,"name":"Shaded","section":"Shading Mode"},"sceneLighting":false,"audioPlay":false,"sceneViewState":{"showFog":true,"showMaterialUpdate":true,"showSkybox":false,"showFlares":true,"showImageEffects":true,"showParticleSystems":true},"in2DMode":false,"pivot":{"x":-0.6525923013687134,"y":0.49238768219947817,"z":-0.7013601660728455},"rotation":{"x":0.008348743431270123,"y":-0.9909409284591675,"z":0.1119530200958252,"w":0.0738593265414238},"size":0.7255746722221375,"orthographic":false}